"id","province_id","name","created_at","updated_at"
"1101","11","KABUPATEN SIMEULUE","10/7/2019 11:48:42","10/7/2019 11:48:50"
"1102","11","KABUPATEN ACEH SINGKIL","10/7/2019 11:48:42","10/7/2019 11:48:50"
"1103","11","KABUPATEN ACEH SELATAN","10/7/2019 11:48:42","10/7/2019 11:48:50"
"1104","11","KABUPATEN ACEH TENGGARA","10/7/2019 11:48:42","10/7/2019 11:48:50"
"1105","11","KABUPATEN ACEH TIMUR","10/7/2019 11:48:42","10/7/2019 11:48:50"
"1106","11","KABUPATEN ACEH TENGAH","10/7/2019 11:48:42","10/7/2019 11:48:50"
"1107","11","KABUPATEN ACEH BARAT","10/7/2019 11:48:42","10/7/2019 11:48:50"
"1108","11","KABUPATEN ACEH BESAR","10/7/2019 11:48:42","10/7/2019 11:48:50"
"1109","11","KABUPATEN PIDIE","10/7/2019 11:48:42","10/7/2019 11:48:50"
"1110","11","KABUPATEN BIREUEN","10/7/2019 11:48:42","10/7/2019 11:48:50"
"1111","11","KABUPATEN ACEH UTARA","10/7/2019 11:48:42","10/7/2019 11:48:50"
"1112","11","KABUPATEN ACEH BARAT DAYA","10/7/2019 11:48:42","10/7/2019 11:48:50"
"1113","11","KABUPATEN GAYO LUES","10/7/2019 11:48:42","10/7/2019 11:48:50"
"1114","11","KABUPATEN ACEH TAMIANG","10/7/2019 11:48:42","10/7/2019 11:48:50"
"1115","11","KABUPATEN NAGAN RAYA","10/7/2019 11:48:42","10/7/2019 11:48:50"
"1116","11","KABUPATEN ACEH JAYA","10/7/2019 11:48:42","10/7/2019 11:48:50"
"1117","11","KABUPATEN BENER MERIAH","10/7/2019 11:48:42","10/7/2019 11:48:50"
"1118","11","KABUPATEN PIDIE JAYA","10/7/2019 11:48:42","10/7/2019 11:48:50"
"1171","11","KOTA BANDA ACEH","10/7/2019 11:48:42","10/7/2019 11:48:50"
"1172","11","KOTA SABANG","10/7/2019 11:48:42","10/7/2019 11:48:50"
"1173","11","KOTA LANGSA","10/7/2019 11:48:42","10/7/2019 11:48:50"
"1174","11","KOTA LHOKSEUMAWE","10/7/2019 11:48:42","10/7/2019 11:48:50"
"1175","11","KOTA SUBULUSSALAM","10/7/2019 11:48:42","10/7/2019 11:48:50"
"1201","12","KABUPATEN NIAS","10/7/2019 11:48:42","10/7/2019 11:48:50"
"1202","12","KABUPATEN MANDAILING NATAL","10/7/2019 11:48:42","10/7/2019 11:48:50"
"1203","12","KABUPATEN TAPANULI SELATAN","10/7/2019 11:48:42","10/7/2019 11:48:50"
"1204","12","KABUPATEN TAPANULI TENGAH","10/7/2019 11:48:42","10/7/2019 11:48:50"
"1205","12","KABUPATEN TAPANULI UTARA","10/7/2019 11:48:42","10/7/2019 11:48:50"
"1206","12","KABUPATEN TOBA SAMOSIR","10/7/2019 11:48:42","10/7/2019 11:48:50"
"1207","12","KABUPATEN LABUHAN BATU","10/7/2019 11:48:42","10/7/2019 11:48:50"
"1208","12","KABUPATEN ASAHAN","10/7/2019 11:48:42","10/7/2019 11:48:50"
"1209","12","KABUPATEN SIMALUNGUN","10/7/2019 11:48:42","10/7/2019 11:48:50"
"1210","12","KABUPATEN DAIRI","10/7/2019 11:48:42","10/7/2019 11:48:50"
"1211","12","KABUPATEN KARO","10/7/2019 11:48:42","10/7/2019 11:48:50"
"1212","12","KABUPATEN DELI SERDANG","10/7/2019 11:48:42","10/7/2019 11:48:50"
"1213","12","KABUPATEN LANGKAT","10/7/2019 11:48:42","10/7/2019 11:48:50"
"1214","12","KABUPATEN NIAS SELATAN","10/7/2019 11:48:42","10/7/2019 11:48:50"
"1215","12","KABUPATEN HUMBANG HASUNDUTAN","10/7/2019 11:48:42","10/7/2019 11:48:50"
"1216","12","KABUPATEN PAKPAK BHARAT","10/7/2019 11:48:42","10/7/2019 11:48:50"
"1217","12","KABUPATEN SAMOSIR","10/7/2019 11:48:42","10/7/2019 11:48:50"
"1218","12","KABUPATEN SERDANG BEDAGAI","10/7/2019 11:48:42","10/7/2019 11:48:50"
"1219","12","KABUPATEN BATU BARA","10/7/2019 11:48:42","10/7/2019 11:48:50"
"1220","12","KABUPATEN PADANG LAWAS UTARA","10/7/2019 11:48:42","10/7/2019 11:48:50"
"1221","12","KABUPATEN PADANG LAWAS","10/7/2019 11:48:42","10/7/2019 11:48:50"
"1222","12","KABUPATEN LABUHAN BATU SELATAN","10/7/2019 11:48:42","10/7/2019 11:48:50"
"1223","12","KABUPATEN LABUHAN BATU UTARA","10/7/2019 11:48:42","10/7/2019 11:48:50"
"1224","12","KABUPATEN NIAS UTARA","10/7/2019 11:48:42","10/7/2019 11:48:50"
"1225","12","KABUPATEN NIAS BARAT","10/7/2019 11:48:42","10/7/2019 11:48:50"
"1271","12","KOTA SIBOLGA","10/7/2019 11:48:42","10/7/2019 11:48:50"
"1272","12","KOTA TANJUNG BALAI","10/7/2019 11:48:42","10/7/2019 11:48:50"
"1273","12","KOTA PEMATANG SIANTAR","10/7/2019 11:48:42","10/7/2019 11:48:50"
"1274","12","KOTA TEBING TINGGI","10/7/2019 11:48:42","10/7/2019 11:48:50"
"1275","12","KOTA MEDAN","10/7/2019 11:48:42","10/7/2019 11:48:50"
"1276","12","KOTA BINJAI","10/7/2019 11:48:42","10/7/2019 11:48:50"
"1277","12","KOTA PADANGSIDIMPUAN","10/7/2019 11:48:42","10/7/2019 11:48:50"
"1278","12","KOTA GUNUNGSITOLI","10/7/2019 11:48:42","10/7/2019 11:48:50"
"1301","13","KABUPATEN KEPULAUAN MENTAWAI","10/7/2019 11:48:42","10/7/2019 11:48:50"
"1302","13","KABUPATEN PESISIR SELATAN","10/7/2019 11:48:42","10/7/2019 11:48:50"
"1303","13","KABUPATEN SOLOK","10/7/2019 11:48:42","10/7/2019 11:48:50"
"1304","13","KABUPATEN SIJUNJUNG","10/7/2019 11:48:42","10/7/2019 11:48:50"
"1305","13","KABUPATEN TANAH DATAR","10/7/2019 11:48:42","10/7/2019 11:48:50"
"1306","13","KABUPATEN PADANG PARIAMAN","10/7/2019 11:48:42","10/7/2019 11:48:50"
"1307","13","KABUPATEN AGAM","10/7/2019 11:48:42","10/7/2019 11:48:50"
"1308","13","KABUPATEN LIMA PULUH KOTA","10/7/2019 11:48:42","10/7/2019 11:48:50"
"1309","13","KABUPATEN PASAMAN","10/7/2019 11:48:42","10/7/2019 11:48:50"
"1310","13","KABUPATEN SOLOK SELATAN","10/7/2019 11:48:42","10/7/2019 11:48:50"
"1311","13","KABUPATEN DHARMASRAYA","10/7/2019 11:48:42","10/7/2019 11:48:50"
"1312","13","KABUPATEN PASAMAN BARAT","10/7/2019 11:48:42","10/7/2019 11:48:50"
"1371","13","KOTA PADANG","10/7/2019 11:48:42","10/7/2019 11:48:50"
"1372","13","KOTA SOLOK","10/7/2019 11:48:42","10/7/2019 11:48:50"
"1373","13","KOTA SAWAH LUNTO","10/7/2019 11:48:42","10/7/2019 11:48:50"
"1374","13","KOTA PADANG PANJANG","10/7/2019 11:48:42","10/7/2019 11:48:50"
"1375","13","KOTA BUKITTINGGI","10/7/2019 11:48:42","10/7/2019 11:48:50"
"1376","13","KOTA PAYAKUMBUH","10/7/2019 11:48:42","10/7/2019 11:48:50"
"1377","13","KOTA PARIAMAN","10/7/2019 11:48:42","10/7/2019 11:48:50"
"1401","14","KABUPATEN KUANTAN SINGINGI","10/7/2019 11:48:42","10/7/2019 11:48:50"
"1402","14","KABUPATEN INDRAGIRI HULU","10/7/2019 11:48:42","10/7/2019 11:48:50"
"1403","14","KABUPATEN INDRAGIRI HILIR","10/7/2019 11:48:42","10/7/2019 11:48:50"
"1404","14","KABUPATEN PELALAWAN","10/7/2019 11:48:42","10/7/2019 11:48:50"
"1405","14","KABUPATEN S I A K","10/7/2019 11:48:42","10/7/2019 11:48:50"
"1406","14","KABUPATEN KAMPAR","10/7/2019 11:48:42","10/7/2019 11:48:50"
"1407","14","KABUPATEN ROKAN HULU","10/7/2019 11:48:42","10/7/2019 11:48:50"
"1408","14","KABUPATEN BENGKALIS","10/7/2019 11:48:42","10/7/2019 11:48:50"
"1409","14","KABUPATEN ROKAN HILIR","10/7/2019 11:48:42","10/7/2019 11:48:50"
"1410","14","KABUPATEN KEPULAUAN MERANTI","10/7/2019 11:48:42","10/7/2019 11:48:50"
"1471","14","KOTA PEKANBARU","10/7/2019 11:48:42","10/7/2019 11:48:50"
"1473","14","KOTA D U M A I","10/7/2019 11:48:42","10/7/2019 11:48:50"
"1501","15","KABUPATEN KERINCI","10/7/2019 11:48:42","10/7/2019 11:48:50"
"1502","15","KABUPATEN MERANGIN","10/7/2019 11:48:42","10/7/2019 11:48:50"
"1503","15","KABUPATEN SAROLANGUN","10/7/2019 11:48:42","10/7/2019 11:48:50"
"1504","15","KABUPATEN BATANG HARI","10/7/2019 11:48:42","10/7/2019 11:48:50"
"1505","15","KABUPATEN MUARO JAMBI","10/7/2019 11:48:42","10/7/2019 11:48:50"
"1506","15","KABUPATEN TANJUNG JABUNG TIMUR","10/7/2019 11:48:42","10/7/2019 11:48:50"
"1507","15","KABUPATEN TANJUNG JABUNG BARAT","10/7/2019 11:48:42","10/7/2019 11:48:50"
"1508","15","KABUPATEN TEBO","10/7/2019 11:48:42","10/7/2019 11:48:50"
"1509","15","KABUPATEN BUNGO","10/7/2019 11:48:42","10/7/2019 11:48:50"
"1571","15","KOTA JAMBI","10/7/2019 11:48:42","10/7/2019 11:48:50"
"1572","15","KOTA SUNGAI PENUH","10/7/2019 11:48:42","10/7/2019 11:48:50"
"1601","16","KABUPATEN OGAN KOMERING ULU","10/7/2019 11:48:42","10/7/2019 11:48:50"
"1602","16","KABUPATEN OGAN KOMERING ILIR","10/7/2019 11:48:42","10/7/2019 11:48:50"
"1603","16","KABUPATEN MUARA ENIM","10/7/2019 11:48:42","10/7/2019 11:48:50"
"1604","16","KABUPATEN LAHAT","10/7/2019 11:48:42","10/7/2019 11:48:50"
"1605","16","KABUPATEN MUSI RAWAS","10/7/2019 11:48:42","10/7/2019 11:48:50"
"1606","16","KABUPATEN MUSI BANYUASIN","10/7/2019 11:48:42","10/7/2019 11:48:50"
"1607","16","KABUPATEN BANYU ASIN","10/7/2019 11:48:42","10/7/2019 11:48:50"
"1608","16","KABUPATEN OGAN KOMERING ULU SELATAN","10/7/2019 11:48:42","10/7/2019 11:48:50"
"1609","16","KABUPATEN OGAN KOMERING ULU TIMUR","10/7/2019 11:48:42","10/7/2019 11:48:50"
"1610","16","KABUPATEN OGAN ILIR","10/7/2019 11:48:42","10/7/2019 11:48:50"
"1611","16","KABUPATEN EMPAT LAWANG","10/7/2019 11:48:42","10/7/2019 11:48:50"
"1612","16","KABUPATEN PENUKAL ABAB LEMATANG ILIR","10/7/2019 11:48:42","10/7/2019 11:48:50"
"1613","16","KABUPATEN MUSI RAWAS UTARA","10/7/2019 11:48:42","10/7/2019 11:48:50"
"1671","16","KOTA PALEMBANG","10/7/2019 11:48:42","10/7/2019 11:48:50"
"1672","16","KOTA PRABUMULIH","10/7/2019 11:48:42","10/7/2019 11:48:50"
"1673","16","KOTA PAGAR ALAM","10/7/2019 11:48:42","10/7/2019 11:48:50"
"1674","16","KOTA LUBUKLINGGAU","10/7/2019 11:48:42","10/7/2019 11:48:50"
"1701","17","KABUPATEN BENGKULU SELATAN","10/7/2019 11:48:42","10/7/2019 11:48:50"
"1702","17","KABUPATEN REJANG LEBONG","10/7/2019 11:48:42","10/7/2019 11:48:50"
"1703","17","KABUPATEN BENGKULU UTARA","10/7/2019 11:48:42","10/7/2019 11:48:50"
"1704","17","KABUPATEN KAUR","10/7/2019 11:48:42","10/7/2019 11:48:50"
"1705","17","KABUPATEN SELUMA","10/7/2019 11:48:42","10/7/2019 11:48:50"
"1706","17","KABUPATEN MUKOMUKO","10/7/2019 11:48:42","10/7/2019 11:48:50"
"1707","17","KABUPATEN LEBONG","10/7/2019 11:48:42","10/7/2019 11:48:50"
"1708","17","KABUPATEN KEPAHIANG","10/7/2019 11:48:42","10/7/2019 11:48:50"
"1709","17","KABUPATEN BENGKULU TENGAH","10/7/2019 11:48:42","10/7/2019 11:48:50"
"1771","17","KOTA BENGKULU","10/7/2019 11:48:42","10/7/2019 11:48:50"
"1801","18","KABUPATEN LAMPUNG BARAT","10/7/2019 11:48:42","10/7/2019 11:48:50"
"1802","18","KABUPATEN TANGGAMUS","10/7/2019 11:48:42","10/7/2019 11:48:50"
"1803","18","KABUPATEN LAMPUNG SELATAN","10/7/2019 11:48:42","10/7/2019 11:48:50"
"1804","18","KABUPATEN LAMPUNG TIMUR","10/7/2019 11:48:42","10/7/2019 11:48:50"
"1805","18","KABUPATEN LAMPUNG TENGAH","10/7/2019 11:48:42","10/7/2019 11:48:50"
"1806","18","KABUPATEN LAMPUNG UTARA","10/7/2019 11:48:42","10/7/2019 11:48:50"
"1807","18","KABUPATEN WAY KANAN","10/7/2019 11:48:42","10/7/2019 11:48:50"
"1808","18","KABUPATEN TULANGBAWANG","10/7/2019 11:48:42","10/7/2019 11:48:50"
"1809","18","KABUPATEN PESAWARAN","10/7/2019 11:48:42","10/7/2019 11:48:50"
"1810","18","KABUPATEN PRINGSEWU","10/7/2019 11:48:42","10/7/2019 11:48:50"
"1811","18","KABUPATEN MESUJI","10/7/2019 11:48:42","10/7/2019 11:48:50"
"1812","18","KABUPATEN TULANG BAWANG BARAT","10/7/2019 11:48:42","10/7/2019 11:48:50"
"1813","18","KABUPATEN PESISIR BARAT","10/7/2019 11:48:42","10/7/2019 11:48:50"
"1871","18","KOTA BANDAR LAMPUNG","10/7/2019 11:48:42","10/7/2019 11:48:50"
"1872","18","KOTA METRO","10/7/2019 11:48:42","10/7/2019 11:48:50"
"1901","19","KABUPATEN BANGKA","10/7/2019 11:48:42","10/7/2019 11:48:50"
"1902","19","KABUPATEN BELITUNG","10/7/2019 11:48:42","10/7/2019 11:48:50"
"1903","19","KABUPATEN BANGKA BARAT","10/7/2019 11:48:42","10/7/2019 11:48:50"
"1904","19","KABUPATEN BANGKA TENGAH","10/7/2019 11:48:42","10/7/2019 11:48:50"
"1905","19","KABUPATEN BANGKA SELATAN","10/7/2019 11:48:42","10/7/2019 11:48:50"
"1906","19","KABUPATEN BELITUNG TIMUR","10/7/2019 11:48:42","10/7/2019 11:48:50"
"1971","19","KOTA PANGKAL PINANG","10/7/2019 11:48:42","10/7/2019 11:48:50"
"2101","21","KABUPATEN KARIMUN","10/7/2019 11:48:42","10/7/2019 11:48:50"
"2102","21","KABUPATEN BINTAN","10/7/2019 11:48:42","10/7/2019 11:48:50"
"2103","21","KABUPATEN NATUNA","10/7/2019 11:48:42","10/7/2019 11:48:50"
"2104","21","KABUPATEN LINGGA","10/7/2019 11:48:42","10/7/2019 11:48:50"
"2105","21","KABUPATEN KEPULAUAN ANAMBAS","10/7/2019 11:48:42","10/7/2019 11:48:50"
"2171","21","KOTA B A T A M","10/7/2019 11:48:42","10/7/2019 11:48:50"
"2172","21","KOTA TANJUNG PINANG","10/7/2019 11:48:42","10/7/2019 11:48:50"
"3101","31","KABUPATEN KEPULAUAN SERIBU","10/7/2019 11:48:42","10/7/2019 11:48:50"
"3171","31","KOTA JAKARTA SELATAN","10/7/2019 11:48:42","10/7/2019 11:48:50"
"3172","31","KOTA JAKARTA TIMUR","10/7/2019 11:48:42","10/7/2019 11:48:50"
"3173","31","KOTA JAKARTA PUSAT","10/7/2019 11:48:42","10/7/2019 11:48:50"
"3174","31","KOTA JAKARTA BARAT","10/7/2019 11:48:42","10/7/2019 11:48:50"
"3175","31","KOTA JAKARTA UTARA","10/7/2019 11:48:42","10/7/2019 11:48:50"
"3201","32","KABUPATEN BOGOR","10/7/2019 11:48:42","10/7/2019 11:48:50"
"3202","32","KABUPATEN SUKABUMI","10/7/2019 11:48:42","10/7/2019 11:48:50"
"3203","32","KABUPATEN CIANJUR","10/7/2019 11:48:42","10/7/2019 11:48:50"
"3204","32","KABUPATEN BANDUNG","10/7/2019 11:48:42","10/7/2019 11:48:50"
"3205","32","KABUPATEN GARUT","10/7/2019 11:48:42","10/7/2019 11:48:50"
"3206","32","KABUPATEN TASIKMALAYA","10/7/2019 11:48:42","10/7/2019 11:48:50"
"3207","32","KABUPATEN CIAMIS","10/7/2019 11:48:42","10/7/2019 11:48:50"
"3208","32","KABUPATEN KUNINGAN","10/7/2019 11:48:42","10/7/2019 11:48:50"
"3209","32","KABUPATEN CIREBON","10/7/2019 11:48:42","10/7/2019 11:48:50"
"3210","32","KABUPATEN MAJALENGKA","10/7/2019 11:48:42","10/7/2019 11:48:50"
"3211","32","KABUPATEN SUMEDANG","10/7/2019 11:48:42","10/7/2019 11:48:50"
"3212","32","KABUPATEN INDRAMAYU","10/7/2019 11:48:42","10/7/2019 11:48:50"
"3213","32","KABUPATEN SUBANG","10/7/2019 11:48:42","10/7/2019 11:48:50"
"3214","32","KABUPATEN PURWAKARTA","10/7/2019 11:48:42","10/7/2019 11:48:50"
"3215","32","KABUPATEN KARAWANG","10/7/2019 11:48:42","10/7/2019 11:48:50"
"3216","32","KABUPATEN BEKASI","10/7/2019 11:48:42","10/7/2019 11:48:50"
"3217","32","KABUPATEN BANDUNG BARAT","10/7/2019 11:48:42","10/7/2019 11:48:50"
"3218","32","KABUPATEN PANGANDARAN","10/7/2019 11:48:42","10/7/2019 11:48:50"
"3271","32","KOTA BOGOR","10/7/2019 11:48:42","10/7/2019 11:48:50"
"3272","32","KOTA SUKABUMI","10/7/2019 11:48:42","10/7/2019 11:48:50"
"3273","32","KOTA BANDUNG","10/7/2019 11:48:42","10/7/2019 11:48:50"
"3274","32","KOTA CIREBON","10/7/2019 11:48:42","10/7/2019 11:48:50"
"3275","32","KOTA BEKASI","10/7/2019 11:48:42","10/7/2019 11:48:50"
"3276","32","KOTA DEPOK","10/7/2019 11:48:42","10/7/2019 11:48:50"
"3277","32","KOTA CIMAHI","10/7/2019 11:48:42","10/7/2019 11:48:50"
"3278","32","KOTA TASIKMALAYA","10/7/2019 11:48:42","10/7/2019 11:48:50"
"3279","32","KOTA BANJAR","10/7/2019 11:48:42","10/7/2019 11:48:50"
"3301","33","KABUPATEN CILACAP","10/7/2019 11:48:42","10/7/2019 11:48:50"
"3302","33","KABUPATEN BANYUMAS","10/7/2019 11:48:42","10/7/2019 11:48:50"
"3303","33","KABUPATEN PURBALINGGA","10/7/2019 11:48:42","10/7/2019 11:48:50"
"3304","33","KABUPATEN BANJARNEGARA","10/7/2019 11:48:42","10/7/2019 11:48:50"
"3305","33","KABUPATEN KEBUMEN","10/7/2019 11:48:42","10/7/2019 11:48:50"
"3306","33","KABUPATEN PURWOREJO","10/7/2019 11:48:42","10/7/2019 11:48:50"
"3307","33","KABUPATEN WONOSOBO","10/7/2019 11:48:42","10/7/2019 11:48:50"
"3308","33","KABUPATEN MAGELANG","10/7/2019 11:48:42","10/7/2019 11:48:50"
"3309","33","KABUPATEN BOYOLALI","10/7/2019 11:48:42","10/7/2019 11:48:50"
"3310","33","KABUPATEN KLATEN","10/7/2019 11:48:42","10/7/2019 11:48:50"
"3311","33","KABUPATEN SUKOHARJO","10/7/2019 11:48:42","10/7/2019 11:48:50"
"3312","33","KABUPATEN WONOGIRI","10/7/2019 11:48:42","10/7/2019 11:48:50"
"3313","33","KABUPATEN KARANGANYAR","10/7/2019 11:48:42","10/7/2019 11:48:50"
"3314","33","KABUPATEN SRAGEN","10/7/2019 11:48:42","10/7/2019 11:48:50"
"3315","33","KABUPATEN GROBOGAN","10/7/2019 11:48:42","10/7/2019 11:48:50"
"3316","33","KABUPATEN BLORA","10/7/2019 11:48:42","10/7/2019 11:48:50"
"3317","33","KABUPATEN REMBANG","10/7/2019 11:48:42","10/7/2019 11:48:50"
"3318","33","KABUPATEN PATI","10/7/2019 11:48:42","10/7/2019 11:48:50"
"3319","33","KABUPATEN KUDUS","10/7/2019 11:48:42","10/7/2019 11:48:50"
"3320","33","KABUPATEN JEPARA","10/7/2019 11:48:42","10/7/2019 11:48:50"
"3321","33","KABUPATEN DEMAK","10/7/2019 11:48:42","10/7/2019 11:48:50"
"3322","33","KABUPATEN SEMARANG","10/7/2019 11:48:42","10/7/2019 11:48:50"
"3323","33","KABUPATEN TEMANGGUNG","10/7/2019 11:48:42","10/7/2019 11:48:50"
"3324","33","KABUPATEN KENDAL","10/7/2019 11:48:42","10/7/2019 11:48:50"
"3325","33","KABUPATEN BATANG","10/7/2019 11:48:42","10/7/2019 11:48:50"
"3326","33","KABUPATEN PEKALONGAN","10/7/2019 11:48:42","10/7/2019 11:48:50"
"3327","33","KABUPATEN PEMALANG","10/7/2019 11:48:42","10/7/2019 11:48:50"
"3328","33","KABUPATEN TEGAL","10/7/2019 11:48:42","10/7/2019 11:48:50"
"3329","33","KABUPATEN BREBES","10/7/2019 11:48:42","10/7/2019 11:48:50"
"3371","33","KOTA MAGELANG","10/7/2019 11:48:42","10/7/2019 11:48:50"
"3372","33","KOTA SURAKARTA","10/7/2019 11:48:42","10/7/2019 11:48:50"
"3373","33","KOTA SALATIGA","10/7/2019 11:48:42","10/7/2019 11:48:50"
"3374","33","KOTA SEMARANG","10/7/2019 11:48:42","10/7/2019 11:48:50"
"3375","33","KOTA PEKALONGAN","10/7/2019 11:48:42","10/7/2019 11:48:50"
"3376","33","KOTA TEGAL","10/7/2019 11:48:42","10/7/2019 11:48:50"
"3401","34","KABUPATEN KULON PROGO","10/7/2019 11:48:42","10/7/2019 11:48:50"
"3402","34","KABUPATEN BANTUL","10/7/2019 11:48:42","10/7/2019 11:48:50"
"3403","34","KABUPATEN GUNUNG KIDUL","10/7/2019 11:48:42","10/7/2019 11:48:50"
"3404","34","KABUPATEN SLEMAN","10/7/2019 11:48:42","10/7/2019 11:48:50"
"3471","34","KOTA YOGYAKARTA","10/7/2019 11:48:42","10/7/2019 11:48:50"
"3501","35","KABUPATEN PACITAN","10/7/2019 11:48:42","10/7/2019 11:48:50"
"3502","35","KABUPATEN PONOROGO","10/7/2019 11:48:42","10/7/2019 11:48:50"
"3503","35","KABUPATEN TRENGGALEK","10/7/2019 11:48:42","10/7/2019 11:48:50"
"3504","35","KABUPATEN TULUNGAGUNG","10/7/2019 11:48:42","10/7/2019 11:48:50"
"3505","35","KABUPATEN BLITAR","10/7/2019 11:48:42","10/7/2019 11:48:50"
"3506","35","KABUPATEN KEDIRI","10/7/2019 11:48:42","10/7/2019 11:48:50"
"3507","35","KABUPATEN MALANG","10/7/2019 11:48:42","10/7/2019 11:48:50"
"3508","35","KABUPATEN LUMAJANG","10/7/2019 11:48:42","10/7/2019 11:48:50"
"3509","35","KABUPATEN JEMBER","10/7/2019 11:48:42","10/7/2019 11:48:50"
"3510","35","KABUPATEN BANYUWANGI","10/7/2019 11:48:42","10/7/2019 11:48:50"
"3511","35","KABUPATEN BONDOWOSO","10/7/2019 11:48:42","10/7/2019 11:48:50"
"3512","35","KABUPATEN SITUBONDO","10/7/2019 11:48:42","10/7/2019 11:48:50"
"3513","35","KABUPATEN PROBOLINGGO","10/7/2019 11:48:42","10/7/2019 11:48:50"
"3514","35","KABUPATEN PASURUAN","10/7/2019 11:48:42","10/7/2019 11:48:50"
"3515","35","KABUPATEN SIDOARJO","10/7/2019 11:48:42","10/7/2019 11:48:50"
"3516","35","KABUPATEN MOJOKERTO","10/7/2019 11:48:42","10/7/2019 11:48:50"
"3517","35","KABUPATEN JOMBANG","10/7/2019 11:48:42","10/7/2019 11:48:50"
"3518","35","KABUPATEN NGANJUK","10/7/2019 11:48:42","10/7/2019 11:48:50"
"3519","35","KABUPATEN MADIUN","10/7/2019 11:48:42","10/7/2019 11:48:50"
"3520","35","KABUPATEN MAGETAN","10/7/2019 11:48:42","10/7/2019 11:48:50"
"3521","35","KABUPATEN NGAWI","10/7/2019 11:48:42","10/7/2019 11:48:50"
"3522","35","KABUPATEN BOJONEGORO","10/7/2019 11:48:42","10/7/2019 11:48:50"
"3523","35","KABUPATEN TUBAN","10/7/2019 11:48:42","10/7/2019 11:48:50"
"3524","35","KABUPATEN LAMONGAN","10/7/2019 11:48:42","10/7/2019 11:48:50"
"3525","35","KABUPATEN GRESIK","10/7/2019 11:48:42","10/7/2019 11:48:50"
"3526","35","KABUPATEN BANGKALAN","10/7/2019 11:48:42","10/7/2019 11:48:50"
"3527","35","KABUPATEN SAMPANG","10/7/2019 11:48:42","10/7/2019 11:48:50"
"3528","35","KABUPATEN PAMEKASAN","10/7/2019 11:48:42","10/7/2019 11:48:50"
"3529","35","KABUPATEN SUMENEP","10/7/2019 11:48:42","10/7/2019 11:48:50"
"3571","35","KOTA KEDIRI","10/7/2019 11:48:42","10/7/2019 11:48:50"
"3572","35","KOTA BLITAR","10/7/2019 11:48:42","10/7/2019 11:48:50"
"3573","35","KOTA MALANG","10/7/2019 11:48:42","10/7/2019 11:48:50"
"3574","35","KOTA PROBOLINGGO","10/7/2019 11:48:42","10/7/2019 11:48:50"
"3575","35","KOTA PASURUAN","10/7/2019 11:48:42","10/7/2019 11:48:50"
"3576","35","KOTA MOJOKERTO","10/7/2019 11:48:42","10/7/2019 11:48:50"
"3577","35","KOTA MADIUN","10/7/2019 11:48:42","10/7/2019 11:48:50"
"3578","35","KOTA SURABAYA","10/7/2019 11:48:42","10/7/2019 11:48:50"
"3579","35","KOTA BATU","10/7/2019 11:48:42","10/7/2019 11:48:50"
"3601","36","KABUPATEN PANDEGLANG","10/7/2019 11:48:42","10/7/2019 11:48:50"
"3602","36","KABUPATEN LEBAK","10/7/2019 11:48:42","10/7/2019 11:48:50"
"3603","36","KABUPATEN TANGERANG","10/7/2019 11:48:42","10/7/2019 11:48:50"
"3604","36","KABUPATEN SERANG","10/7/2019 11:48:42","10/7/2019 11:48:50"
"3671","36","KOTA TANGERANG","10/7/2019 11:48:42","10/7/2019 11:48:50"
"3672","36","KOTA CILEGON","10/7/2019 11:48:42","10/7/2019 11:48:50"
"3673","36","KOTA SERANG","10/7/2019 11:48:42","10/7/2019 11:48:50"
"3674","36","KOTA TANGERANG SELATAN","10/7/2019 11:48:42","10/7/2019 11:48:50"
"5101","51","KABUPATEN JEMBRANA","10/7/2019 11:48:42","10/7/2019 11:48:50"
"5102","51","KABUPATEN TABANAN","10/7/2019 11:48:42","10/7/2019 11:48:50"
"5103","51","KABUPATEN BADUNG","10/7/2019 11:48:42","10/7/2019 11:48:50"
"5104","51","KABUPATEN GIANYAR","10/7/2019 11:48:42","10/7/2019 11:48:50"
"5105","51","KABUPATEN KLUNGKUNG","10/7/2019 11:48:42","10/7/2019 11:48:50"
"5106","51","KABUPATEN BANGLI","10/7/2019 11:48:42","10/7/2019 11:48:50"
"5107","51","KABUPATEN KARANG ASEM","10/7/2019 11:48:42","10/7/2019 11:48:50"
"5108","51","KABUPATEN BULELENG","10/7/2019 11:48:42","10/7/2019 11:48:50"
"5171","51","KOTA DENPASAR","10/7/2019 11:48:42","10/7/2019 11:48:50"
"5201","52","KABUPATEN LOMBOK BARAT","10/7/2019 11:48:42","10/7/2019 11:48:50"
"5202","52","KABUPATEN LOMBOK TENGAH","10/7/2019 11:48:42","10/7/2019 11:48:50"
"5203","52","KABUPATEN LOMBOK TIMUR","10/7/2019 11:48:42","10/7/2019 11:48:50"
"5204","52","KABUPATEN SUMBAWA","10/7/2019 11:48:42","10/7/2019 11:48:50"
"5205","52","KABUPATEN DOMPU","10/7/2019 11:48:42","10/7/2019 11:48:50"
"5206","52","KABUPATEN BIMA","10/7/2019 11:48:42","10/7/2019 11:48:50"
"5207","52","KABUPATEN SUMBAWA BARAT","10/7/2019 11:48:42","10/7/2019 11:48:50"
"5208","52","KABUPATEN LOMBOK UTARA","10/7/2019 11:48:42","10/7/2019 11:48:50"
"5271","52","KOTA MATARAM","10/7/2019 11:48:42","10/7/2019 11:48:50"
"5272","52","KOTA BIMA","10/7/2019 11:48:42","10/7/2019 11:48:50"
"5301","53","KABUPATEN SUMBA BARAT","10/7/2019 11:48:42","10/7/2019 11:48:50"
"5302","53","KABUPATEN SUMBA TIMUR","10/7/2019 11:48:42","10/7/2019 11:48:50"
"5303","53","KABUPATEN KUPANG","10/7/2019 11:48:42","10/7/2019 11:48:50"
"5304","53","KABUPATEN TIMOR TENGAH SELATAN","10/7/2019 11:48:42","10/7/2019 11:48:50"
"5305","53","KABUPATEN TIMOR TENGAH UTARA","10/7/2019 11:48:42","10/7/2019 11:48:50"
"5306","53","KABUPATEN BELU","10/7/2019 11:48:42","10/7/2019 11:48:50"
"5307","53","KABUPATEN ALOR","10/7/2019 11:48:42","10/7/2019 11:48:50"
"5308","53","KABUPATEN LEMBATA","10/7/2019 11:48:42","10/7/2019 11:48:50"
"5309","53","KABUPATEN FLORES TIMUR","10/7/2019 11:48:42","10/7/2019 11:48:50"
"5310","53","KABUPATEN SIKKA","10/7/2019 11:48:42","10/7/2019 11:48:50"
"5311","53","KABUPATEN ENDE","10/7/2019 11:48:42","10/7/2019 11:48:50"
"5312","53","KABUPATEN NGADA","10/7/2019 11:48:42","10/7/2019 11:48:50"
"5313","53","KABUPATEN MANGGARAI","10/7/2019 11:48:42","10/7/2019 11:48:50"
"5314","53","KABUPATEN ROTE NDAO","10/7/2019 11:48:42","10/7/2019 11:48:50"
"5315","53","KABUPATEN MANGGARAI BARAT","10/7/2019 11:48:42","10/7/2019 11:48:50"
"5316","53","KABUPATEN SUMBA TENGAH","10/7/2019 11:48:42","10/7/2019 11:48:50"
"5317","53","KABUPATEN SUMBA BARAT DAYA","10/7/2019 11:48:42","10/7/2019 11:48:50"
"5318","53","KABUPATEN NAGEKEO","10/7/2019 11:48:42","10/7/2019 11:48:50"
"5319","53","KABUPATEN MANGGARAI TIMUR","10/7/2019 11:48:42","10/7/2019 11:48:50"
"5320","53","KABUPATEN SABU RAIJUA","10/7/2019 11:48:42","10/7/2019 11:48:50"
"5321","53","KABUPATEN MALAKA","10/7/2019 11:48:42","10/7/2019 11:48:50"
"5371","53","KOTA KUPANG","10/7/2019 11:48:42","10/7/2019 11:48:50"
"6101","61","KABUPATEN SAMBAS","10/7/2019 11:48:42","10/7/2019 11:48:50"
"6102","61","KABUPATEN BENGKAYANG","10/7/2019 11:48:42","10/7/2019 11:48:50"
"6103","61","KABUPATEN LANDAK","10/7/2019 11:48:42","10/7/2019 11:48:50"
"6104","61","KABUPATEN MEMPAWAH","10/7/2019 11:48:42","10/7/2019 11:48:50"
"6105","61","KABUPATEN SANGGAU","10/7/2019 11:48:42","10/7/2019 11:48:50"
"6106","61","KABUPATEN KETAPANG","10/7/2019 11:48:42","10/7/2019 11:48:50"
"6107","61","KABUPATEN SINTANG","10/7/2019 11:48:42","10/7/2019 11:48:50"
"6108","61","KABUPATEN KAPUAS HULU","10/7/2019 11:48:42","10/7/2019 11:48:50"
"6109","61","KABUPATEN SEKADAU","10/7/2019 11:48:42","10/7/2019 11:48:50"
"6110","61","KABUPATEN MELAWI","10/7/2019 11:48:42","10/7/2019 11:48:50"
"6111","61","KABUPATEN KAYONG UTARA","10/7/2019 11:48:42","10/7/2019 11:48:50"
"6112","61","KABUPATEN KUBU RAYA","10/7/2019 11:48:42","10/7/2019 11:48:50"
"6171","61","KOTA PONTIANAK","10/7/2019 11:48:42","10/7/2019 11:48:50"
"6172","61","KOTA SINGKAWANG","10/7/2019 11:48:42","10/7/2019 11:48:50"
"6201","62","KABUPATEN KOTAWARINGIN BARAT","10/7/2019 11:48:42","10/7/2019 11:48:50"
"6202","62","KABUPATEN KOTAWARINGIN TIMUR","10/7/2019 11:48:42","10/7/2019 11:48:50"
"6203","62","KABUPATEN KAPUAS","10/7/2019 11:48:42","10/7/2019 11:48:50"
"6204","62","KABUPATEN BARITO SELATAN","10/7/2019 11:48:42","10/7/2019 11:48:50"
"6205","62","KABUPATEN BARITO UTARA","10/7/2019 11:48:42","10/7/2019 11:48:50"
"6206","62","KABUPATEN SUKAMARA","10/7/2019 11:48:42","10/7/2019 11:48:50"
"6207","62","KABUPATEN LAMANDAU","10/7/2019 11:48:42","10/7/2019 11:48:50"
"6208","62","KABUPATEN SERUYAN","10/7/2019 11:48:42","10/7/2019 11:48:50"
"6209","62","KABUPATEN KATINGAN","10/7/2019 11:48:42","10/7/2019 11:48:50"
"6210","62","KABUPATEN PULANG PISAU","10/7/2019 11:48:42","10/7/2019 11:48:50"
"6211","62","KABUPATEN GUNUNG MAS","10/7/2019 11:48:42","10/7/2019 11:48:50"
"6212","62","KABUPATEN BARITO TIMUR","10/7/2019 11:48:42","10/7/2019 11:48:50"
"6213","62","KABUPATEN MURUNG RAYA","10/7/2019 11:48:42","10/7/2019 11:48:50"
"6271","62","KOTA PALANGKA RAYA","10/7/2019 11:48:42","10/7/2019 11:48:50"
"6301","63","KABUPATEN TANAH LAUT","10/7/2019 11:48:42","10/7/2019 11:48:50"
"6302","63","KABUPATEN KOTA BARU","10/7/2019 11:48:42","10/7/2019 11:48:50"
"6303","63","KABUPATEN BANJAR","10/7/2019 11:48:42","10/7/2019 11:48:50"
"6304","63","KABUPATEN BARITO KUALA","10/7/2019 11:48:42","10/7/2019 11:48:50"
"6305","63","KABUPATEN TAPIN","10/7/2019 11:48:42","10/7/2019 11:48:50"
"6306","63","KABUPATEN HULU SUNGAI SELATAN","10/7/2019 11:48:42","10/7/2019 11:48:50"
"6307","63","KABUPATEN HULU SUNGAI TENGAH","10/7/2019 11:48:42","10/7/2019 11:48:50"
"6308","63","KABUPATEN HULU SUNGAI UTARA","10/7/2019 11:48:42","10/7/2019 11:48:50"
"6309","63","KABUPATEN TABALONG","10/7/2019 11:48:42","10/7/2019 11:48:50"
"6310","63","KABUPATEN TANAH BUMBU","10/7/2019 11:48:42","10/7/2019 11:48:50"
"6311","63","KABUPATEN BALANGAN","10/7/2019 11:48:42","10/7/2019 11:48:50"
"6371","63","KOTA BANJARMASIN","10/7/2019 11:48:42","10/7/2019 11:48:50"
"6372","63","KOTA BANJAR BARU","10/7/2019 11:48:42","10/7/2019 11:48:50"
"6401","64","KABUPATEN PASER","10/7/2019 11:48:42","10/7/2019 11:48:50"
"6402","64","KABUPATEN KUTAI BARAT","10/7/2019 11:48:42","10/7/2019 11:48:50"
"6403","64","KABUPATEN KUTAI KARTANEGARA","10/7/2019 11:48:42","10/7/2019 11:48:50"
"6404","64","KABUPATEN KUTAI TIMUR","10/7/2019 11:48:42","10/7/2019 11:48:50"
"6405","64","KABUPATEN BERAU","10/7/2019 11:48:42","10/7/2019 11:48:50"
"6409","64","KABUPATEN PENAJAM PASER UTARA","10/7/2019 11:48:42","10/7/2019 11:48:50"
"6411","64","KABUPATEN MAHAKAM HULU","10/7/2019 11:48:42","10/7/2019 11:48:50"
"6471","64","KOTA BALIKPAPAN","10/7/2019 11:48:42","10/7/2019 11:48:50"
"6472","64","KOTA SAMARINDA","10/7/2019 11:48:42","10/7/2019 11:48:50"
"6474","64","KOTA BONTANG","10/7/2019 11:48:42","10/7/2019 11:48:50"
"6501","65","KABUPATEN MALINAU","10/7/2019 11:48:42","10/7/2019 11:48:50"
"6502","65","KABUPATEN BULUNGAN","10/7/2019 11:48:42","10/7/2019 11:48:50"
"6503","65","KABUPATEN TANA TIDUNG","10/7/2019 11:48:42","10/7/2019 11:48:50"
"6504","65","KABUPATEN NUNUKAN","10/7/2019 11:48:42","10/7/2019 11:48:50"
"6571","65","KOTA TARAKAN","10/7/2019 11:48:42","10/7/2019 11:48:50"
"7101","71","KABUPATEN BOLAANG MONGONDOW","10/7/2019 11:48:42","10/7/2019 11:48:50"
"7102","71","KABUPATEN MINAHASA","10/7/2019 11:48:42","10/7/2019 11:48:50"
"7103","71","KABUPATEN KEPULAUAN SANGIHE","10/7/2019 11:48:42","10/7/2019 11:48:50"
"7104","71","KABUPATEN KEPULAUAN TALAUD","10/7/2019 11:48:42","10/7/2019 11:48:50"
"7105","71","KABUPATEN MINAHASA SELATAN","10/7/2019 11:48:42","10/7/2019 11:48:50"
"7106","71","KABUPATEN MINAHASA UTARA","10/7/2019 11:48:42","10/7/2019 11:48:50"
"7107","71","KABUPATEN BOLAANG MONGONDOW UTARA","10/7/2019 11:48:42","10/7/2019 11:48:50"
"7108","71","KABUPATEN SIAU TAGULANDANG BIARO","10/7/2019 11:48:42","10/7/2019 11:48:50"
"7109","71","KABUPATEN MINAHASA TENGGARA","10/7/2019 11:48:42","10/7/2019 11:48:50"
"7110","71","KABUPATEN BOLAANG MONGONDOW SELATAN","10/7/2019 11:48:42","10/7/2019 11:48:50"
"7111","71","KABUPATEN BOLAANG MONGONDOW TIMUR","10/7/2019 11:48:42","10/7/2019 11:48:50"
"7171","71","KOTA MANADO","10/7/2019 11:48:42","10/7/2019 11:48:50"
"7172","71","KOTA BITUNG","10/7/2019 11:48:42","10/7/2019 11:48:50"
"7173","71","KOTA TOMOHON","10/7/2019 11:48:42","10/7/2019 11:48:50"
"7174","71","KOTA KOTAMOBAGU","10/7/2019 11:48:42","10/7/2019 11:48:50"
"7201","72","KABUPATEN BANGGAI KEPULAUAN","10/7/2019 11:48:42","10/7/2019 11:48:50"
"7202","72","KABUPATEN BANGGAI","10/7/2019 11:48:42","10/7/2019 11:48:50"
"7203","72","KABUPATEN MOROWALI","10/7/2019 11:48:42","10/7/2019 11:48:50"
"7204","72","KABUPATEN POSO","10/7/2019 11:48:42","10/7/2019 11:48:50"
"7205","72","KABUPATEN DONGGALA","10/7/2019 11:48:42","10/7/2019 11:48:50"
"7206","72","KABUPATEN TOLI-TOLI","10/7/2019 11:48:42","10/7/2019 11:48:50"
"7207","72","KABUPATEN BUOL","10/7/2019 11:48:42","10/7/2019 11:48:50"
"7208","72","KABUPATEN PARIGI MOUTONG","10/7/2019 11:48:42","10/7/2019 11:48:50"
"7209","72","KABUPATEN TOJO UNA-UNA","10/7/2019 11:48:42","10/7/2019 11:48:50"
"7210","72","KABUPATEN SIGI","10/7/2019 11:48:42","10/7/2019 11:48:50"
"7211","72","KABUPATEN BANGGAI LAUT","10/7/2019 11:48:42","10/7/2019 11:48:50"
"7212","72","KABUPATEN MOROWALI UTARA","10/7/2019 11:48:42","10/7/2019 11:48:50"
"7271","72","KOTA PALU","10/7/2019 11:48:42","10/7/2019 11:48:50"
"7301","73","KABUPATEN KEPULAUAN SELAYAR","10/7/2019 11:48:42","10/7/2019 11:48:50"
"7302","73","KABUPATEN BULUKUMBA","10/7/2019 11:48:42","10/7/2019 11:48:50"
"7303","73","KABUPATEN BANTAENG","10/7/2019 11:48:42","10/7/2019 11:48:50"
"7304","73","KABUPATEN JENEPONTO","10/7/2019 11:48:42","10/7/2019 11:48:50"
"7305","73","KABUPATEN TAKALAR","10/7/2019 11:48:42","10/7/2019 11:48:50"
"7306","73","KABUPATEN GOWA","10/7/2019 11:48:42","10/7/2019 11:48:50"
"7307","73","KABUPATEN SINJAI","10/7/2019 11:48:42","10/7/2019 11:48:50"
"7308","73","KABUPATEN MAROS","10/7/2019 11:48:42","10/7/2019 11:48:50"
"7309","73","KABUPATEN PANGKAJENE DAN KEPULAUAN","10/7/2019 11:48:42","10/7/2019 11:48:50"
"7310","73","KABUPATEN BARRU","10/7/2019 11:48:42","10/7/2019 11:48:50"
"7311","73","KABUPATEN BONE","10/7/2019 11:48:42","10/7/2019 11:48:50"
"7312","73","KABUPATEN SOPPENG","10/7/2019 11:48:42","10/7/2019 11:48:50"
"7313","73","KABUPATEN WAJO","10/7/2019 11:48:42","10/7/2019 11:48:50"
"7314","73","KABUPATEN SIDENRENG RAPPANG","10/7/2019 11:48:42","10/7/2019 11:48:50"
"7315","73","KABUPATEN PINRANG","10/7/2019 11:48:42","10/7/2019 11:48:50"
"7316","73","KABUPATEN ENREKANG","10/7/2019 11:48:42","10/7/2019 11:48:50"
"7317","73","KABUPATEN LUWU","10/7/2019 11:48:42","10/7/2019 11:48:50"
"7318","73","KABUPATEN TANA TORAJA","10/7/2019 11:48:42","10/7/2019 11:48:50"
"7322","73","KABUPATEN LUWU UTARA","10/7/2019 11:48:42","10/7/2019 11:48:50"
"7325","73","KABUPATEN LUWU TIMUR","10/7/2019 11:48:42","10/7/2019 11:48:50"
"7326","73","KABUPATEN TORAJA UTARA","10/7/2019 11:48:42","10/7/2019 11:48:50"
"7371","73","KOTA MAKASSAR","10/7/2019 11:48:42","10/7/2019 11:48:50"
"7372","73","KOTA PAREPARE","10/7/2019 11:48:42","10/7/2019 11:48:50"
"7373","73","KOTA PALOPO","10/7/2019 11:48:42","10/7/2019 11:48:50"
"7401","74","KABUPATEN BUTON","10/7/2019 11:48:42","10/7/2019 11:48:50"
"7402","74","KABUPATEN MUNA","10/7/2019 11:48:42","10/7/2019 11:48:50"
"7403","74","KABUPATEN KONAWE","10/7/2019 11:48:42","10/7/2019 11:48:50"
"7404","74","KABUPATEN KOLAKA","10/7/2019 11:48:42","10/7/2019 11:48:50"
"7405","74","KABUPATEN KONAWE SELATAN","10/7/2019 11:48:42","10/7/2019 11:48:50"
"7406","74","KABUPATEN BOMBANA","10/7/2019 11:48:42","10/7/2019 11:48:50"
"7407","74","KABUPATEN WAKATOBI","10/7/2019 11:48:42","10/7/2019 11:48:50"
"7408","74","KABUPATEN KOLAKA UTARA","10/7/2019 11:48:42","10/7/2019 11:48:50"
"7409","74","KABUPATEN BUTON UTARA","10/7/2019 11:48:42","10/7/2019 11:48:50"
"7410","74","KABUPATEN KONAWE UTARA","10/7/2019 11:48:42","10/7/2019 11:48:50"
"7411","74","KABUPATEN KOLAKA TIMUR","10/7/2019 11:48:42","10/7/2019 11:48:50"
"7412","74","KABUPATEN KONAWE KEPULAUAN","10/7/2019 11:48:42","10/7/2019 11:48:50"
"7413","74","KABUPATEN MUNA BARAT","10/7/2019 11:48:42","10/7/2019 11:48:50"
"7414","74","KABUPATEN BUTON TENGAH","10/7/2019 11:48:42","10/7/2019 11:48:50"
"7415","74","KABUPATEN BUTON SELATAN","10/7/2019 11:48:42","10/7/2019 11:48:50"
"7471","74","KOTA KENDARI","10/7/2019 11:48:42","10/7/2019 11:48:50"
"7472","74","KOTA BAUBAU","10/7/2019 11:48:42","10/7/2019 11:48:50"
"7501","75","KABUPATEN BOALEMO","10/7/2019 11:48:42","10/7/2019 11:48:50"
"7502","75","KABUPATEN GORONTALO","10/7/2019 11:48:42","10/7/2019 11:48:50"
"7503","75","KABUPATEN POHUWATO","10/7/2019 11:48:42","10/7/2019 11:48:50"
"7504","75","KABUPATEN BONE BOLANGO","10/7/2019 11:48:42","10/7/2019 11:48:50"
"7505","75","KABUPATEN GORONTALO UTARA","10/7/2019 11:48:42","10/7/2019 11:48:50"
"7571","75","KOTA GORONTALO","10/7/2019 11:48:42","10/7/2019 11:48:50"
"7601","76","KABUPATEN MAJENE","10/7/2019 11:48:42","10/7/2019 11:48:50"
"7602","76","KABUPATEN POLEWALI MANDAR","10/7/2019 11:48:42","10/7/2019 11:48:50"
"7603","76","KABUPATEN MAMASA","10/7/2019 11:48:42","10/7/2019 11:48:50"
"7604","76","KABUPATEN MAMUJU","10/7/2019 11:48:42","10/7/2019 11:48:50"
"7605","76","KABUPATEN MAMUJU UTARA","10/7/2019 11:48:42","10/7/2019 11:48:50"
"7606","76","KABUPATEN MAMUJU TENGAH","10/7/2019 11:48:42","10/7/2019 11:48:50"
"8101","81","KABUPATEN MALUKU TENGGARA BARAT","10/7/2019 11:48:42","10/7/2019 11:48:50"
"8102","81","KABUPATEN MALUKU TENGGARA","10/7/2019 11:48:42","10/7/2019 11:48:50"
"8103","81","KABUPATEN MALUKU TENGAH","10/7/2019 11:48:42","10/7/2019 11:48:50"
"8104","81","KABUPATEN BURU","10/7/2019 11:48:42","10/7/2019 11:48:50"
"8105","81","KABUPATEN KEPULAUAN ARU","10/7/2019 11:48:42","10/7/2019 11:48:50"
"8106","81","KABUPATEN SERAM BAGIAN BARAT","10/7/2019 11:48:42","10/7/2019 11:48:50"
"8107","81","KABUPATEN SERAM BAGIAN TIMUR","10/7/2019 11:48:42","10/7/2019 11:48:50"
"8108","81","KABUPATEN MALUKU BARAT DAYA","10/7/2019 11:48:42","10/7/2019 11:48:50"
"8109","81","KABUPATEN BURU SELATAN","10/7/2019 11:48:42","10/7/2019 11:48:50"
"8171","81","KOTA AMBON","10/7/2019 11:48:42","10/7/2019 11:48:50"
"8172","81","KOTA TUAL","10/7/2019 11:48:42","10/7/2019 11:48:50"
"8201","82","KABUPATEN HALMAHERA BARAT","10/7/2019 11:48:42","10/7/2019 11:48:50"
"8202","82","KABUPATEN HALMAHERA TENGAH","10/7/2019 11:48:42","10/7/2019 11:48:50"
"8203","82","KABUPATEN KEPULAUAN SULA","10/7/2019 11:48:42","10/7/2019 11:48:50"
"8204","82","KABUPATEN HALMAHERA SELATAN","10/7/2019 11:48:42","10/7/2019 11:48:50"
"8205","82","KABUPATEN HALMAHERA UTARA","10/7/2019 11:48:42","10/7/2019 11:48:50"
"8206","82","KABUPATEN HALMAHERA TIMUR","10/7/2019 11:48:42","10/7/2019 11:48:50"
"8207","82","KABUPATEN PULAU MOROTAI","10/7/2019 11:48:42","10/7/2019 11:48:50"
"8208","82","KABUPATEN PULAU TALIABU","10/7/2019 11:48:42","10/7/2019 11:48:50"
"8271","82","KOTA TERNATE","10/7/2019 11:48:42","10/7/2019 11:48:50"
"8272","82","KOTA TIDORE KEPULAUAN","10/7/2019 11:48:42","10/7/2019 11:48:50"
"9101","91","KABUPATEN FAKFAK","10/7/2019 11:48:42","10/7/2019 11:48:50"
"9102","91","KABUPATEN KAIMANA","10/7/2019 11:48:42","10/7/2019 11:48:50"
"9103","91","KABUPATEN TELUK WONDAMA","10/7/2019 11:48:42","10/7/2019 11:48:50"
"9104","91","KABUPATEN TELUK BINTUNI","10/7/2019 11:48:42","10/7/2019 11:48:50"
"9105","91","KABUPATEN MANOKWARI","10/7/2019 11:48:42","10/7/2019 11:48:50"
"9106","91","KABUPATEN SORONG SELATAN","10/7/2019 11:48:42","10/7/2019 11:48:50"
"9107","91","KABUPATEN SORONG","10/7/2019 11:48:42","10/7/2019 11:48:50"
"9108","91","KABUPATEN RAJA AMPAT","10/7/2019 11:48:42","10/7/2019 11:48:50"
"9109","91","KABUPATEN TAMBRAUW","10/7/2019 11:48:42","10/7/2019 11:48:50"
"9110","91","KABUPATEN MAYBRAT","10/7/2019 11:48:42","10/7/2019 11:48:50"
"9111","91","KABUPATEN MANOKWARI SELATAN","10/7/2019 11:48:42","10/7/2019 11:48:50"
"9112","91","KABUPATEN PEGUNUNGAN ARFAK","10/7/2019 11:48:42","10/7/2019 11:48:50"
"9171","91","KOTA SORONG","10/7/2019 11:48:42","10/7/2019 11:48:50"
"9401","94","KABUPATEN MERAUKE","10/7/2019 11:48:42","10/7/2019 11:48:50"
"9402","94","KABUPATEN JAYAWIJAYA","10/7/2019 11:48:42","10/7/2019 11:48:50"
"9403","94","KABUPATEN JAYAPURA","10/7/2019 11:48:42","10/7/2019 11:48:50"
"9404","94","KABUPATEN NABIRE","10/7/2019 11:48:42","10/7/2019 11:48:50"
"9408","94","KABUPATEN KEPULAUAN YAPEN","10/7/2019 11:48:42","10/7/2019 11:48:50"
"9409","94","KABUPATEN BIAK NUMFOR","10/7/2019 11:48:42","10/7/2019 11:48:50"
"9410","94","KABUPATEN PANIAI","10/7/2019 11:48:42","10/7/2019 11:48:50"
"9411","94","KABUPATEN PUNCAK JAYA","10/7/2019 11:48:42","10/7/2019 11:48:50"
"9412","94","KABUPATEN MIMIKA","10/7/2019 11:48:42","10/7/2019 11:48:50"
"9413","94","KABUPATEN BOVEN DIGOEL","10/7/2019 11:48:42","10/7/2019 11:48:50"
"9414","94","KABUPATEN MAPPI","10/7/2019 11:48:42","10/7/2019 11:48:50"
"9415","94","KABUPATEN ASMAT","10/7/2019 11:48:42","10/7/2019 11:48:50"
"9416","94","KABUPATEN YAHUKIMO","10/7/2019 11:48:42","10/7/2019 11:48:50"
"9417","94","KABUPATEN PEGUNUNGAN BINTANG","10/7/2019 11:48:42","10/7/2019 11:48:50"
"9418","94","KABUPATEN TOLIKARA","10/7/2019 11:48:42","10/7/2019 11:48:50"
"9419","94","KABUPATEN SARMI","10/7/2019 11:48:42","10/7/2019 11:48:50"
"9420","94","KABUPATEN KEEROM","10/7/2019 11:48:42","10/7/2019 11:48:50"
"9426","94","KABUPATEN WAROPEN","10/7/2019 11:48:42","10/7/2019 11:48:50"
"9427","94","KABUPATEN SUPIORI","10/7/2019 11:48:42","10/7/2019 11:48:50"
"9428","94","KABUPATEN MAMBERAMO RAYA","10/7/2019 11:48:42","10/7/2019 11:48:50"
"9429","94","KABUPATEN NDUGA","10/7/2019 11:48:42","10/7/2019 11:48:50"
"9430","94","KABUPATEN LANNY JAYA","10/7/2019 11:48:42","10/7/2019 11:48:50"
"9431","94","KABUPATEN MAMBERAMO TENGAH","10/7/2019 11:48:42","10/7/2019 11:48:50"
"9432","94","KABUPATEN YALIMO","10/7/2019 11:48:42","10/7/2019 11:48:50"
"9433","94","KABUPATEN PUNCAK","10/7/2019 11:48:42","10/7/2019 11:48:50"
"9434","94","KABUPATEN DOGIYAI","10/7/2019 11:48:42","10/7/2019 11:48:50"
"9435","94","KABUPATEN INTAN JAYA","10/7/2019 11:48:42","10/7/2019 11:48:50"
"9436","94","KABUPATEN DEIYAI","10/7/2019 11:48:42","10/7/2019 11:48:50"
"9471","94","KOTA JAYAPURA","10/7/2019 11:48:42","10/7/2019 11:48:50"
